{
  "BernoulliNB": {
    "tweets": {
      "state_label": {
        "test_improvement": [
          0.010958904109589038,
          0.015695067264573995
        ],
        "train_improvement": [
          0.10154647628477974,
          0.11122917655090706
        ]
      }
    }
  },
  "KNN-1000": {
    "tweets": {
      "state_label": {
        "test_improvement": [
          0.003486924034869235,
          0.012705530642750373
        ],
        "train_improvement": [
          0.00864688291599651,
          0.022026123879819864
        ]
      }
    }
  },
  "KNN-2000": {
    "tweets": {
      "state_label": {
        "test_improvement": [
          0.001245330012453305,
          0.010712506228201302
        ],
        "train_improvement": [
          0.0025161353401441516,
          0.01627108822362068
        ]
      }
    }
  },
  "MultinomialNB": {
    "tweets": {
      "state_label": {
        "test_improvement": [
          0.020921544209215437,
          0.03288490284005979
        ],
        "train_improvement": [
          0.3448370612081454,
          0.354754761437683
        ]
      }
    }
  },
  "SVC": {
    "tweets": {
      "state_label": {
        "test_improvement": [
          0.004483188044831873,
          0.014200298953662191
        ],
        "train_improvement": [
          0.8356096605200002,
          0.8419935954174154
        ]
      }
    }
  }
}